{
  "faq": [
    {
      "question": "Apa itu slot gacor?",
      "answer": "Slot gacor adalah istilah yang digunakan untuk menggambarkan mesin slot yang sering memberikan kemenangan besar atau jackpot."
    },
    {
      "question": "Kenapa slot gacor populer?",
      "answer": "Slot gacor populer karena memberikan peluang lebih tinggi untuk memenangkan hadiah besar dibandingkan dengan mesin slot biasa."
    },
    {
      "question": "Bagaimana cara menemukan slot gacor?",
      "answer": "Cara menemukan slot gacor bisa dengan mencari informasi dari forum perjudian, ulasan pemain, atau mencoba berbagai mesin slot untuk melihat mana yang sering memberikan kemenangan."
    },
    {
      "question": "Kapan waktu terbaik untuk bermain slot gacor?",
      "answer": "Waktu terbaik untuk bermain slot gacor bisa bervariasi, tetapi beberapa pemain percaya bahwa bermain di malam hari atau saat kasino tidak terlalu ramai dapat meningkatkan peluang menang."
    },
    {
      "question": "Siapa yang bisa bermain slot gacor?",
      "answer": "Siapa saja yang memenuhi syarat usia legal untuk berjudi di wilayah mereka dapat bermain slot gacor."
    },
    {
      "question": "Apa perbedaan antara slot gacor dan slot biasa?",
      "answer": "Perbedaan utama antara slot gacor dan slot biasa adalah frekuensi pembayaran. Slot gacor cenderung memberikan kemenangan lebih sering dan lebih besar."
    },
    {
      "question": "Kenapa mesin slot bisa menjadi gacor?",
      "answer": "Mesin slot bisa menjadi gacor karena algoritma RNG (Random Number Generator) yang digunakan, serta faktor keberuntungan."
    },
    {
      "question": "Bagaimana cara kerja mesin slot gacor?",
      "answer": "Mesin slot gacor bekerja dengan menggunakan RNG untuk menentukan hasil setiap putaran, sama seperti mesin slot biasa. Namun, slot gacor cenderung memiliki RTP (Return to Player) yang lebih tinggi."
    },
    {
      "question": "Kapan mesin slot gacor biasanya memberikan jackpot?",
      "answer": "Mesin slot gacor biasanya memberikan jackpot secara acak, tetapi beberapa pemain percaya bahwa bermain dalam jangka waktu yang lama dapat meningkatkan peluang menang."
    },
    {
      "question": "Siapa yang menciptakan mesin slot gacor?",
      "answer": "Mesin slot gacor diciptakan oleh pengembang perangkat lunak kasino yang merancang mesin slot dengan RTP tinggi dan frekuensi pembayaran yang lebih sering."
    },
    {
      "question": "Apa itu RTP dalam mesin slot gacor?",
      "answer": "RTP (Return to Player) adalah persentase dari total taruhan yang dikembalikan kepada pemain dalam jangka waktu tertentu. Mesin slot gacor biasanya memiliki RTP yang lebih tinggi."
    },
    {
      "question": "Kenapa RTP penting dalam mesin slot gacor?",
      "answer": "RTP penting karena menunjukkan seberapa besar peluang pemain untuk mendapatkan kembali uang mereka dari mesin slot. Semakin tinggi RTP, semakin besar peluang menang."
    },
    {
      "question": "Bagaimana cara meningkatkan peluang menang di slot gacor?",
      "answer": "Cara meningkatkan peluang menang di slot gacor termasuk memilih mesin dengan RTP tinggi, bermain dengan taruhan maksimum, dan memanfaatkan bonus dan promosi."
    },
    {
      "question": "Kapan waktu yang tepat untuk berhenti bermain slot gacor?",
      "answer": "Waktu yang tepat untuk berhenti bermain slot gacor adalah ketika Anda telah mencapai batas kemenangan atau kerugian yang telah ditentukan sebelumnya."
    },
    {
      "question": "Siapa yang bisa memberikan tips tentang slot gacor?",
      "answer": "Tips tentang slot gacor bisa diberikan oleh pemain berpengalaman, ahli perjudian, atau melalui ulasan dan forum perjudian online."
    },
    {
      "question": "Apa itu volatilitas dalam mesin slot gacor?",
      "answer": "Volatilitas adalah tingkat risiko yang terkait dengan mesin slot. Mesin slot gacor dengan volatilitas rendah cenderung memberikan kemenangan kecil tetapi sering, sementara mesin dengan volatilitas tinggi memberikan kemenangan besar tetapi jarang."
    },
    {
      "question": "Kenapa volatilitas penting dalam mesin slot gacor?",
      "answer": "Volatilitas penting karena membantu pemain memilih mesin slot yang sesuai dengan gaya bermain dan anggaran mereka."
    },
    {
      "question": "Bagaimana cara memilih mesin slot gacor yang tepat?",
      "answer": "Cara memilih mesin slot gacor yang tepat termasuk mencari mesin dengan RTP tinggi, volatilitas yang sesuai, dan tema atau fitur yang menarik."
    },
    {
      "question": "Kapan mesin slot gacor biasanya memberikan bonus?",
      "answer": "Mesin slot gacor biasanya memberikan bonus secara acak, tetapi beberapa mesin memiliki fitur bonus yang dipicu oleh simbol atau kombinasi tertentu."
    },
    {
      "question": "Siapa yang bisa memenangkan jackpot di mesin slot gacor?",
      "answer": "Siapa saja yang bermain di mesin slot gacor memiliki peluang untuk memenangkan jackpot, asalkan mereka memenuhi syarat dan ketentuan yang berlaku."
    },
    {
      "question": "Apa itu jackpot progresif dalam mesin slot gacor?",
      "answer": "Jackpot progresif adalah jackpot yang terus bertambah setiap kali pemain memasang taruhan, hingga seseorang memenangkan jackpot tersebut."
    },
    {
      "question": "Kenapa jackpot progresif menarik bagi pemain slot gacor?",
      "answer": "Jackpot progresif menarik karena menawarkan hadiah yang sangat besar, yang bisa mencapai jutaan dolar."
    },
    {
      "question": "Bagaimana cara memenangkan jackpot progresif di mesin slot gacor?",
      "answer": "Cara memenangkan jackpot progresif di mesin slot gacor biasanya melibatkan memutar kombinasi simbol tertentu atau memicu fitur bonus khusus."
    },
    {
      "question": "Kapan jackpot progresif biasanya dimenangkan?",
      "answer": "Jackpot progresif biasanya dimenangkan secara acak, tetapi peluang meningkat seiring dengan jumlah taruhan yang dipasang."
    },
    {
      "question": "Siapa yang bisa bermain di mesin slot gacor dengan jackpot progresif?",
      "answer": "Siapa saja yang memenuhi syarat usia legal untuk berjudi di wilayah mereka dapat bermain di mesin slot gacor dengan jackpot progresif."
    },
    {
      "question": "Apa itu fitur bonus dalam mesin slot gacor?",
      "answer": "Fitur bonus adalah fitur tambahan dalam mesin slot yang memberikan peluang ekstra untuk memenangkan hadiah, seperti putaran gratis, permainan bonus, atau pengganda."
    },
    {
      "question": "Kenapa fitur bonus penting dalam mesin slot gacor?",
      "answer": "Fitur bonus penting karena meningkatkan peluang pemain untuk memenangkan hadiah besar dan menambah keseruan permainan."
    },
    {
      "question": "Bagaimana cara memicu fitur bonus di mesin slot gacor?",
      "answer": "Cara memicu fitur bonus di mesin slot gacor bervariasi, tetapi biasanya melibatkan memutar kombinasi simbol tertentu atau mencapai jumlah putaran tertentu."
    },
    {
      "question": "Kapan fitur bonus biasanya muncul di mesin slot gacor?",
      "answer": "Fitur bonus biasanya muncul secara acak, tetapi beberapa mesin memiliki fitur bonus yang dipicu oleh simbol atau kombinasi tertentu."
    },
    {
      "question": "Siapa yang bisa memanfaatkan fitur bonus di mesin slot gacor?",
      "answer": "Siapa saja yang bermain di mesin slot gacor dapat memanfaatkan fitur bonus, asalkan mereka memenuhi syarat dan ketentuan yang berlaku."
    },
    {
      "question": "Apa itu putaran gratis dalam mesin slot gacor?",
      "answer": "Putaran gratis adalah fitur bonus yang memberikan pemain sejumlah putaran tanpa harus memasang taruhan tambahan."
    },
    {
      "question": "Kenapa putaran gratis menarik bagi pemain slot gacor?",
      "answer": "Putaran gratis menarik karena memberikan peluang ekstra untuk memenangkan hadiah tanpa harus mengeluarkan uang tambahan."
    },
    {
      "question": "Bagaimana cara mendapatkan putaran gratis di mesin slot gacor?",
      "answer": "Cara mendapatkan putaran gratis di mesin slot gacor biasanya melibatkan memutar kombinasi simbol tertentu atau memicu fitur bonus khusus."
    },
    {
      "question": "Kapan putaran gratis biasanya diberikan di mesin slot gacor?",
      "answer": "Putaran gratis biasanya diberikan secara acak, tetapi beberapa mesin memiliki fitur putaran gratis yang dipicu oleh simbol atau kombinasi tertentu."
    },
    {
      "question": "Siapa yang bisa mendapatkan putaran gratis di mesin slot gacor?",
      "answer": "Siapa saja yang bermain di mesin slot gacor memiliki peluang untuk mendapatkan putaran gratis, asalkan mereka memenuhi syarat dan ketentuan yang berlaku."
    },
    {
      "question": "Apa itu pengganda dalam mesin slot gacor?",
      "answer": "Pengganda adalah fitur bonus yang meningkatkan jumlah kemenangan pemain dengan faktor tertentu, seperti dua kali lipat atau tiga kali lipat."
    },
    {
      "question": "Kenapa pengganda penting dalam mesin slot gacor?",
      "answer": "Pengganda penting karena meningkatkan jumlah kemenangan pemain, yang bisa menghasilkan hadiah besar."
    },
    {
      "question": "Bagaimana cara mendapatkan pengganda di mesin slot gacor?",
      "answer": "Cara mendapatkan pengganda di mesin slot gacor biasanya melibatkan memutar kombinasi simbol tertentu atau memicu fitur bonus khusus."
    },
    {
      "question": "Kapan pengganda biasanya diberikan di mesin slot gacor?",
      "answer": "Pengganda biasanya diberikan secara acak, tetapi beberapa mesin memiliki fitur pengganda yang dipicu oleh simbol atau kombinasi tertentu."
    },
    {
      "question": "Siapa yang bisa mendapatkan pengganda di mesin slot gacor?",
      "answer": "Siapa saja yang bermain di mesin slot gacor memiliki peluang untuk mendapatkan pengganda, asalkan mereka memenuhi syarat dan ketentuan yang berlaku."
    },
    {
      "question": "Apa itu simbol liar dalam mesin slot gacor?",
      "answer": "Simbol liar adalah simbol yang dapat menggantikan simbol lain untuk membentuk kombinasi kemenangan."
    },
    {
      "question": "Kenapa simbol liar penting dalam mesin slot gacor?",
      "answer": "Simbol liar penting karena meningkatkan peluang pemain untuk membentuk kombinasi kemenangan dan memenangkan hadiah."
    },
    {
      "question": "Bagaimana cara mendapatkan simbol liar di mesin slot gacor?",
      "answer": "Cara mendapatkan simbol liar di mesin slot gacor biasanya melibatkan memutar simbol liar pada gulungan."
    },
    {
      "question": "Kapan simbol liar biasanya muncul di mesin slot gacor?",
      "answer": "Simbol liar biasanya muncul secara acak, tetapi beberapa mesin memiliki fitur simbol liar yang dipicu oleh simbol atau kombinasi tertentu."
    },
    {
      "question": "Siapa yang bisa mendapatkan simbol liar di mesin slot gacor?",
      "answer": "Siapa saja yang bermain di mesin slot gacor memiliki peluang untuk mendapatkan simbol liar, asalkan mereka memenuhi syarat dan ketentuan yang berlaku."
    },
    {
      "question": "Apa itu simbol pencar dalam mesin slot gacor?",
      "answer": "Simbol pencar adalah simbol yang dapat memicu fitur bonus atau putaran gratis ketika muncul di gulungan, tanpa harus berada dalam garis pembayaran tertentu."
    },
    {
      "question": "Kenapa simbol pencar penting dalam mesin slot gacor?",
      "answer": "Simbol pencar penting karena dapat memicu fitur bonus atau putaran gratis, yang meningkatkan peluang pemain untuk memenangkan hadiah besar."
    },
    {
      "question": "Bagaimana cara mendapatkan simbol pencar di mesin slot gacor?",
      "answer": "Cara mendapatkan simbol pencar di mesin slot gacor biasanya melibatkan memutar simbol pencar pada gulungan."
    },
    {
      "question": "Kapan simbol pencar biasanya muncul di mesin slot gacor?",
      "answer": "Simbol pencar biasanya muncul secara acak, tetapi beberapa mesin memiliki fitur simbol pencar yang dipicu oleh simbol atau kombinasi tertentu."
    },
    {
      "question": "Siapa yang bisa mendapatkan simbol pencar di mesin slot gacor?",
      "answer": "Siapa saja yang bermain di mesin slot gacor memiliki peluang untuk mendapatkan simbol pencar, asalkan mereka memenuhi syarat dan ketentuan yang berlaku."
    },
    {
      "question": "Apa itu garis pembayaran dalam mesin slot gacor?",
      "answer": "Garis pembayaran adalah garis imajiner yang menentukan kombinasi simbol yang menghasilkan kemenangan."
    },
    {
      "question": "Kenapa garis pembayaran penting dalam mesin slot gacor?",
      "answer": "Garis pembayaran penting karena menentukan kombinasi simbol yang menghasilkan kemenangan dan jumlah kemenangan yang diperoleh pemain."
    },
    {
      "question": "Bagaimana cara memilih garis pembayaran di mesin slot gacor?",
      "answer": "Cara memilih garis pembayaran di mesin slot gacor biasanya melibatkan memilih jumlah garis pembayaran yang ingin dimainkan sebelum memutar gulungan."
    },
    {
      "question": "Kapan garis pembayaran biasanya ditentukan di mesin slot gacor?",
      "answer": "Garis pembayaran biasanya ditentukan sebelum pemain memutar gulungan, tetapi beberapa mesin memiliki garis pembayaran tetap yang tidak dapat diubah."
    },
    {
      "question": "Siapa yang bisa memilih garis pembayaran di mesin slot gacor?",
      "answer": "Siapa saja yang bermain di mesin slot gacor dapat memilih garis pembayaran, asalkan mereka memenuhi syarat dan ketentuan yang berlaku."
    },
    {
      "question": "Apa itu taruhan maksimum dalam mesin slot gacor?",
      "answer": "Taruhan maksimum adalah jumlah taruhan tertinggi yang dapat dipasang pemain pada satu putaran mesin slot."
    },
    {
      "question": "Kenapa taruhan maksimum penting dalam mesin slot gacor?",
      "answer": "Taruhan maksimum penting karena meningkatkan peluang pemain untuk memenangkan jackpot atau hadiah besar."
    },
    {
      "question": "Bagaimana cara memasang taruhan maksimum di mesin slot gacor?",
      "answer": "Cara memasang taruhan maksimum di mesin slot gacor biasanya melibatkan memilih opsi taruhan maksimum sebelum memutar gulungan."
    },
    {
      "question": "Kapan taruhan maksimum biasanya dipasang di mesin slot gacor?",
      "answer": "Taruhan maksimum biasanya dipasang sebelum pemain memutar gulungan, tetapi beberapa mesin memiliki opsi taruhan maksimum yang dapat diaktifkan kapan saja."
    },
    {
      "question": "Siapa yang bisa memasang taruhan maksimum di mesin slot gacor?",
      "answer": "Siapa saja yang bermain di mesin slot gacor dapat memasang taruhan maksimum, asalkan mereka memenuhi syarat dan ketentuan yang berlaku."
    },
    {
      "question": "Apa itu putaran otomatis dalam mesin slot gacor?",
      "answer": "Putaran otomatis adalah fitur yang memungkinkan pemain untuk memutar gulungan secara otomatis untuk sejumlah putaran tertentu."
    },
    {
      "question": "Kenapa putaran otomatis menarik bagi pemain slot gacor?",
      "answer": "Putaran otomatis menarik karena memungkinkan pemain untuk bermain tanpa harus memutar gulungan secara manual setiap kali."
    },
    {
      "question": "Bagaimana cara mengaktifkan putaran otomatis di mesin slot gacor?",
      "answer": "Cara mengaktifkan putaran otomatis di mesin slot gacor biasanya melibatkan memilih opsi putaran otomatis dan menentukan jumlah putaran yang diinginkan."
    },
    {
      "question": "Kapan putaran otomatis biasanya digunakan di mesin slot gacor?",
      "answer": "Putaran otomatis biasanya digunakan ketika pemain ingin bermain untuk jangka waktu yang lama tanpa harus memutar gulungan secara manual setiap kali."
    },
    {
      "question": "Siapa yang bisa menggunakan putaran otomatis di mesin slot gacor?",
      "answer": "Siapa saja yang bermain di mesin slot gacor dapat menggunakan putaran otomatis, asalkan mereka memenuhi syarat dan ketentuan yang berlaku."
    },
    {
      "question": "Apa itu jackpot tetap dalam mesin slot gacor?",
      "answer": "Jackpot tetap adalah jackpot dengan jumlah hadiah yang tetap dan tidak berubah, tidak seperti jackpot progresif yang terus bertambah."
    },
    {
      "question": "Kenapa jackpot tetap menarik bagi pemain slot gacor?",
      "answer": "Jackpot tetap menarik karena menawarkan hadiah besar yang dapat dimenangkan kapan saja, tanpa harus menunggu jackpot bertambah."
    },
    {
      "question": "Bagaimana cara memenangkan jackpot tetap di mesin slot gacor?",
      "answer": "Cara memenangkan jackpot tetap di mesin slot gacor biasanya melibatkan memutar kombinasi simbol tertentu atau memicu fitur bonus khusus."
    },
    {
      "question": "Kapan jackpot tetap biasanya dimenangkan di mesin slot gacor?",
      "answer": "Jackpot tetap biasanya dimenangkan secara acak, tetapi peluang meningkat seiring dengan jumlah taruhan yang dipasang."
    },
    {
      "question": "Siapa yang bisa memenangkan jackpot tetap di mesin slot gacor?",
      "answer": "Siapa saja yang bermain di mesin slot gacor memiliki peluang untuk memenangkan jackpot tetap, asalkan mereka memenuhi syarat dan ketentuan yang berlaku."
    },
    {
      "question": "Apa itu mesin slot video dalam slot gacor?",
      "answer": "Mesin slot video adalah mesin slot yang menggunakan layar video untuk menampilkan gulungan dan simbol, bukan gulungan mekanis."
    },
    {
      "question": "Kenapa mesin slot video populer dalam slot gacor?",
      "answer": "Mesin slot video populer karena menawarkan grafis yang lebih menarik, fitur bonus yang lebih banyak, dan pengalaman bermain yang lebih interaktif."
    },
    {
      "question": "Bagaimana cara bermain di mesin slot video dalam slot gacor?",
      "answer": "Cara bermain di mesin slot video dalam slot gacor sama seperti mesin slot biasa, yaitu dengan memasang taruhan dan memutar gulungan."
    },
    {
      "question": "Kapan mesin slot video biasanya memberikan kemenangan dalam slot gacor?",
      "answer": "Mesin slot video biasanya memberikan kemenangan secara acak, tetapi peluang meningkat seiring dengan jumlah taruhan yang dipasang."
    },
    {
      "question": "Siapa yang bisa bermain di mesin slot video dalam slot gacor?",
      "answer": "Siapa saja yang memenuhi syarat usia legal untuk berjudi di wilayah mereka dapat bermain di mesin slot video dalam slot gacor."
    }
  ]
}
