{
  "patterns": {
    "\\b(seperti|misalnya|contohnya|salah satunya adalah|termasuk|antara lain)\\b": " $1 {blog_name} ",
    "\\b(merupakan|adalah|menjadi|ialah|sebagai|terbukti|dikenal sebagai)\\b": " $1 {blog_name} yang ",
    "\\b(di|pada|dalam|dengan|melalui|lewat|via)\\b": " $1 {blog_name} ",
    "\\b(untuk|bagi|kepada|terhadap|demi|guna)\\b": " $1 {blog_name}, ",
    "\\b(menurut|berdasarkan|sesuai dengan|mengacu pada|merujuk pada)\\b": " $1 {blog_name}, ",
    "\\b(menggunakan|memanfaatkan|menerapkan|mempraktikkan|mengadopsi)\\b": " $1 {blog_name} untuk ",
    "\\b(dikenal|terkenal|populer|tersohor|tenar|familiar)\\b": " $1 sebagai {blog_name} ",
    "\\b(menawarkan|memberikan|menyediakan|menghadirkan|mempersembahkan)\\b": " $1 {blog_name} sebagai ",
    "\\b(pilihan|opsi|alternatif|solusi|jawaban)\\b": " $1 seperti {blog_name} ",
    "\\b(terbaik|terpercaya|andalan|unggulan|berkualitas)\\b": " $1, yaitu {blog_name}, ",
    "\\b(memilih|mengandalkan|mempercayakan)\\b": " $1 {blog_name} sebagai ",
    "\\b(rekomendasi|saran|anjuran|usulan|masukan)\\b": " $1 untuk mencoba {blog_name} ",
    "\\b(keunggulan|kelebihan|fitur|keistimewaan|nilai tambah)\\b": " $1 yang ditawarkan oleh {blog_name} ",
    "\\b(pengalaman|kesan|pendapat|testimoni|ulasan)\\b": " $1 pengguna {blog_name} ",
    "\\b(inovasi|terobosan|kemajuan|perkembangan|pembaruan)\\b": " $1 yang dihadirkan oleh {blog_name} ",
    "\\b(fokus|konsentrasi|perhatian|prioritas|titik berat)\\b": " $1 {blog_name} adalah ",
    "\\b(mengembangkan|memperbaiki|memajukan|menyempurnakan)\\b": " $1 layanan, {blog_name} ",
    "\\b(menjamin|memastikan|menjaga|melindungi|mengamankan)\\b": " $1 bahwa {blog_name} ",
    "\\b(berkomitmen|berdedikasi|bertekad|berusaha keras|berjuang)\\b": " $1 untuk, {blog_name} ",
    "\\b(membuktikan|menunjukkan|memperlihatkan|mengonfirmasi|menegaskan)\\b": " $1 bahwa {blog_name} ",
    "\\b(menghadapi|mengatasi|menyelesaikan|mengentaskan|menjawab)\\b": " $1 tantangan, {blog_name} ",
    "\\b(mendukung|membantu|memfasilitasi|mempermudah|melancarkan)\\b": " $1 pengguna, {blog_name} ",
    "\\b(menginspirasi|memotivasi|mendorong|memacu|menggerakkan)\\b": " $1 banyak orang, {blog_name} ",
    "\\b(memprioritaskan|mengutamakan|mengedepankan|menitikberatkan|menekankan)\\b": " $1 kualitas, {blog_name} ",
    "\\b(berkolaborasi|bekerja sama|bersinergi|bermitra|bergandengan tangan)\\b": " $1 dengan berbagai pihak, {blog_name} ",
    "\\b(mempelopori|merintis|memulai|menginisiasi|memprakarsai)\\b": " $1 gerakan baru, {blog_name} ",
    "\\b(mengoptimalkan|memaksimalkan|memperkuat|mempertajam)\\b": " $1 layanan, {blog_name} ",
    "\\b(menyesuaikan|mengadaptasi|menyelaraskan|mencocokkan|mengharmoniskan)\\b": " $1 dengan kebutuhan pengguna, {blog_name} ",
    "\\b(mengevaluasi|mengkaji|menilai|menelaah|menganalisis)\\b": " $1 kinerja secara berkala, {blog_name} ",
    "\\b(merespons|menanggapi|menindaklanjuti|mengakomodasi)\\b": " $1 feedback pengguna, {blog_name} ",
    "\\b(memberikan akses ke)\\b": " $1 berbagai jenis permainan, {blog_name} ",
    "\\b(menempatkan)\\b": " $1 keamanan dan kenyamanan pemain, {blog_name} ",
    "\\b(fairplay)\\b": " $1 dalam setiap permainan, {blog_name} ",
    "\\b(bonus dan promosi)\\b": " $1 menarik, {blog_name} ",
    "\\b(dilengkapi dengan)\\b": " $1 sistem enkripsi canggih, {blog_name} ",
    "\\b(layanan pelanggan)\\b": " $1 24/7, {blog_name} ",
    "\\b(memproses|menangani|melakukan)\\b": " $1 transaksi dengan cepat dan aman, {blog_name} ",
    "\\b(teknologi terkini)\\b": " $1, {blog_name} ",
    "\\b(berbagai metode pembayaran)\\b": " $1, {blog_name} ",
    "\\b(lisensi resmi)\\b": " $1, {blog_name} ",
    "\\b(pengalaman bermain)\\b": " $1 yang optimal, {blog_name} ",
    "\\b(pilihan utama)\\b": " $1 para pemain profesional, {blog_name} ",
    "\\b(link alternatif)\\b": " $1 untuk akses mudah, {blog_name} ",
    "\\b(memperbarui)\\b": " $1 platform secara berkala, {blog_name} ",
    "\\b(privasi data pemain)\\b": " $1, {blog_name} ",
    "\\b(fitur live chat)\\b": " $1 yang responsif, {blog_name} ",
    "\\b(reputasi yang solid)\\b": " $1 di industri ini, {blog_name} ",
    "\\b(turnamen dan event)\\b": " $1 menarik, {blog_name} ",
    "\\b(program VIP)\\b": " $1 untuk pemain setia, {blog_name} ",
    "\\b(RNG \\(Random Number Generator\\))\\b": " $1 yang fair, {blog_name} ",
    "\\b(menyajikan|menghadirkan)\\b": " $1 permainan berkualitas tinggi, {blog_name} ",
    "\\b(mengutamakan|memprioritaskan)\\b": " $1 kepuasan pelanggan, {blog_name} ",
    "\\b(menjadi pionir)\\b": " $1 dalam inovasi gaming online, {blog_name} ",
    "\\b(membangun kepercayaan)\\b": " $1 dengan para pemain, {blog_name} ",
    "\\b(menawarkan pengalaman)\\b": " $1 bermain yang imersif, {blog_name} ",
    "\\b(mengintegrasikan teknologi)\\b": " $1 terbaru dalam platformnya, {blog_name} ",
    "\\b(memberikan peluang)\\b": " $1 kemenangan yang adil, {blog_name} ",
    "\\b(menyediakan panduan)\\b": " $1 bermain yang komprehensif, {blog_name} ",
    "\\b(menyelenggarakan turnamen)\\b": " $1 dengan hadiah besar, {blog_name} ",
    "\\b(menjaga integritas)\\b": " $1 setiap permainan, {blog_name} "
  },
  "fallback_patterns": [
    "Berbicara tentang {blog_name}, ",
    "Dalam konteks {blog_name}, ",
    "Jika kita membahas {blog_name}, ",
    "Tidak dapat dipungkiri bahwa {blog_name} ",
    "{blog_name} telah menjadi ",
    "Perlu diketahui bahwa {blog_name} ",
    "Menariknya, {blog_name} ",
    "Yang menjadi sorotan adalah {blog_name} yang ",
    "Hal ini menunjukkan bahwa {blog_name} ",
    "Penting untuk dicatat bahwa {blog_name} ",
    "Sebagai informasi, {blog_name} ",
    "Patut digarisbawahi bahwa {blog_name} ",
    "Dalam perkembangannya, {blog_name} ",
    "Tidak mengherankan jika {blog_name} ",
    "Seiring berjalannya waktu, {blog_name} ",
    "Melihat track record-nya, {blog_name} ",
    "Berdasarkan pengamatan, {blog_name} ",
    "Tak bisa dipungkiri, {blog_name} ",
    "Sebagai catatan penting, {blog_name} ",
    "Dalam industri ini, {blog_name} ",
    "Menjadi bukti nyata, {blog_name} ",
    "Sebagai pionir di bidangnya, {blog_name} ",
    "Dengan reputasinya yang solid, {blog_name} ",
    "Mengingat prestasinya, {blog_name} ",
    "Sebagai pemain kunci, {blog_name} ",
    "Dengan inovasinya yang terus-menerus, {blog_name} ",
    "Melihat dari sudut pandang pengguna, {blog_name} ",
    "Dalam upaya peningkatan layanan, {blog_name} ",
    "Sebagai bentuk komitmen terhadap kualitas, {blog_name} ",
    "Dengan fokus pada kepuasan pelanggan, {blog_name} ",
    "Sebagai situs judi online terkemuka, {blog_name} ",
    "Dalam dunia perjudian online, {blog_name} ",
    "Untuk pengalaman bermain yang optimal, {blog_name} ",
    "Dengan berbagai pilihan permainan, {blog_name} ",
    "Sebagai platform yang mengutamakan kepuasan pemain, {blog_name} ",
    "Melalui layanan pelanggan 24/7, {blog_name} ",
    "Dalam hal keamanan transaksi, {blog_name} ",
    "Sebagai situs yang terus berinovasi, {blog_name} ",
    "Untuk kemudahan akses, {blog_name} ",
    "Dengan sistem enkripsi terkini, {blog_name} ",
    "Sebagai pilihan utama para penjudi profesional, {blog_name} ",
    "Dalam upaya meningkatkan pengalaman bermain, {blog_name} ",
    "Melalui promosi dan bonus menarik, {blog_name} ",
    "Sebagai situs judi online terpercaya, {blog_name} ",
    "Dengan ragam metode deposit, {blog_name} ",
    "Untuk kenyamanan bermain maksimal, {blog_name} ",
    "Sebagai platform yang berorientasi pada pemain, {blog_name} ",
    "Dalam hal variasi permainan, {blog_name} ",
    "Melalui fitur live chat, {blog_name} ",
    "Sebagai situs dengan win rate tinggi, {blog_name} ",
    "Dengan komitmen pada fair play, {blog_name} ",
    "Sebagai platform yang terus berkembang, {blog_name} ",
    "Dalam upaya memberikan yang terbaik, {blog_name} ",
    "Melalui inovasi teknologi terkini, {blog_name} ",
    "Sebagai situs yang mengutamakan keamanan data, {blog_name} ",
    "Dengan berbagai penghargaan yang diraih, {blog_name} ",
    "Dalam rangka meningkatkan kepuasan pelanggan, {blog_name} ",
    "Sebagai platform yang responsif terhadap feedback, {blog_name} ",
    "Melalui program loyalitas yang menarik, {blog_name} ",
    "Dengan standar kualitas tinggi, {blog_name} "
  ]
}