{
    "Judi": ["perjudian", "permainan", "aktivitas", "taruhan"],
    "Bahaya": ["risiko", "dampak negatif", "ancaman", "konsekuensi buruk"],
    "Ketergantungan": ["kecanduan", "ketagihan", "kebiasaan", "dorongan kuat"],
    "Kesehatan Mental": ["kondisi mental", "keseimbangan jiwa", "psikologis", "keadaan emosi"],
    "Keluarga": ["orang terdekat", "hubungan", "kerabat", "rumah tangga"],
    "Dampak": ["efek", "pengaruh", "konsekuensi", "hasil"],
    "Finansial": ["keuangan", "ekonomi", "uang", "stabilitas hidup"],
    "Pencegahan": ["antisipasi", "tindakan pencegahan", "pencegahan dini", "penanganan awal"],
    "Kehidupan Sosial": ["hubungan sosial", "lingkungan sosial", "interaksi sosial", "komunitas"],
  "adil": ["fair", "tidak berat sebelah", "seimbang"],
  "acak": ["random", "sembarang", "tidak beraturan"],
  "all-in": ["taruhan semua", "bertaruh habis-habisan", "semua atau tidak sama sekali"],
  "aman": ["terlindungi", "terjaga", "terjamin"],
  "ante": ["taruhan awal", "biaya masuk", "setoran pertama"],
  "baccarat": ["punto banco", "chemin de fer"],
  "bagus": ["baik", "indah", "cantik", "menawan", "menarik", "elok"],
  "bandar": ["agen", "bookie", "penyelenggara taruhan", "cukong"],
  "bankroll": ["modal taruhan", "uang permainan", "dana judi"],
  "batasan": ["limit", "batas", "restriksi"],
  "bersenang-senang": ["bersuka ria", "bergembira"],
  "besar": ["luas", "akbar", "raksasa", "besar-besaran", "agung", "masif"],
  "bijak": ["arif", "cerdas", "berhati-hati", "bijaksana"],
  "blackjack": ["dua puluh satu", "twenty-one", "pontoon"],
  "bluff": ["gertakan", "tipu muslihat", "pura-pura"],
  "bonus": ["hadiah tambahan", "insentif", "keuntungan ekstra", "pemberian"],
  "busted": ["bangkrut", "kalah total", "habis modal"],
  "call": ["menyamai taruhan", "ikut taruhan", "panggilan"],
  "cenderung": ["condong", "berkecenderungan"],
  "chip": ["token", "koin kasino", "alat tukar"],
  "dadu": ["dice", "kubus angka", "alat undi"],
  "dealer": ["pembagi kartu", "croupier", "bandar permainan"],
  "deposit": ["setoran", "tabungan", "simpanan"],
  "dia": ["ia", "beliau", "yang bersangkutan", "orang tersebut"],
  "emosi": ["perasaan", "sentimen", "gejolak"],
  "faktor": ["unsur", "elemen", "komponen"],
  "flush": ["warna sama", "suit", "kartu sekop/hati/wajik/keriting"],
  "fokus": ["konsentrasi", "perhatian", "titik berat"],
  "fold": ["menyerah", "mundur", "menutup kartu"],
  "full house": ["three of a kind plus pair", "boat", "rumah penuh"],
  "gacor": ["lancar", "mudah menang", "beruntung", "menguntungkan"],
  "game": ["permainan", "gim", "aplikasi permainan", "software hiburan", "pertandingan", "kompetisi", "perlombaan"],
  "hadiah": ["bonus", "jackpot", "kemenangan", "ganjaran", "reward", "anugerah", "penghargaan"],
  "handicap": ["voor", "selisih skor", "keuntungan awal"],
  "house edge": ["keuntungan rumah", "margin kasino", "persentase kemenangan bandar"],
  "jackpot": ["hadiah utama", "kemenangan besar", "pot emas"],
  "jaminan": ["garansi", "kepastian", "asuransi"],
  "jarang": ["langka", "tidak sering", "jarang-jarang"],
  "judi": ["taruhan", "pertaruhan", "gambling", "betting", "permainan uang", "perjudian"],
  "kalah": ["gagal", "kehilangan", "tidak beruntung", "tumbang", "keok"],
  "kartu": ["card", "alat permainan", "lembaran permainan"],
  "kasino": ["rumah judi", "tempat taruhan", "casino", "gedung perjudian"],
  "keamanan": ["perlindungan", "keselamatan", "pengamanan"],
  "keberuntungan": ["nasib baik", "fortune", "hoki"],
  "kecil": ["mungil", "mini", "kerdil", "menit"],
  "keno": ["lotere kasino", "bingo kasino", "permainan angka"],
  "kesimpulan": ["konklusi", "ringkasan", "ikhtisar"],
  "keunggulan": ["kelebihan", "keistimewaan", "keutamaan"],
  "langkah": ["tahap", "proses", "prosedur"],
  "memahami": ["mengerti", "menyadari", "mencerna"],
  "memanfaatkan": ["menggunakan", "memakai", "mengambil manfaat"],
  "membahas": ["mengulas", "mendiskusikan", "menelaah"],
  "memilih": ["menyeleksi", "menetapkan", "menentukan"],
  "menarik": ["atraktif", "menawan", "memikat", "menggiurkan"],
  "mencoba": ["berusaha", "mengupayakan"],
  "menang": ["berhasil", "sukses", "memenangkan", "unggul", "meraih kemenangan", "juara"],
  "mengatur": ["mengelola", "mengorganisir", "menyusun"],
  "menghibur": ["menyenangkan", "menggembirakan", "memuaskan"],
  "menggambarkan": ["melukiskan", "mendeskripsikan", "menjelaskan"],
  "menemukan": ["menemui", "menjumpai", "mendapatkan"],
  "meningkatkan": ["menaikkan", "mempertinggi", "memperbaiki", "memperbesar"],
  "menjaga": ["memelihara", "merawat", "melindungi"],
  "meja": ["table", "arena", "tempat bermain", "papan permainan"],
  "mudah": ["gampang", "sederhana", "tidak sulit"],
  "nyaman": ["menyenangkan", "memuaskan", "menggembirakan"],
  "odds": ["peluang", "kemungkinan menang", "rasio taruhan"],
  "over/under": ["atas/bawah", "lebih/kurang", "total skor"],
  "parlay": ["taruhan ganda", "multi-bet", "akumulasi taruhan"],
  "payout": ["pembayaran", "hasil kemenangan", "pengembalian"],
  "pemain": ["peserta", "kontestan", "petaruh", "gamer", "penjudi", "gambler", "bettor"],
  "pengalaman": ["kejadian", "peristiwa"],
  "penggemar": ["peminat", "pengikut", "penikmat", "pecinta"],
  "penting": ["krusial", "vital", "esensial", "signifikan", "berarti", "bermakna"],
  "peluang": ["kesempatan", "probabilitas", "kemungkinan", "prospek"],
  "pilihan": ["opsi", "alternatif", "preferensi", "seleksi"],
  "poker": ["permainan kartu", "texas hold'em", "stud poker"],
  "populer": ["terkenal", "tenar", "tersohor", "digemari"],
  "raise": ["menaikkan taruhan", "meningkatkan bet", "menaikan"],
  "rekomendasi": ["anjuran", "saran", "usulan"],
  "reputasi": ["nama baik", "citra", "kredibilitas"],
  "resmi": ["sah", "legal", "formal"],
  "responsif": ["tanggap", "cepat", "sigap"],
  "risiko": ["bahaya", "kemungkinan kalah", "ancaman kerugian"],
  "roulette": ["roda putar", "permainan putaran", "wheel of fortune"],
  "saya": ["aku", "diri saya", "saya sendiri"],
  "sering": ["kerap", "acap kali", "sering kali"],
  "signifikan": ["berarti", "penting", "bermakna"],
  "situs": ["website", "laman web", "portal online", "platform digital"],
  "slot": ["mesin jackpot", "one-armed bandit", "mesin buah", "mesin putar", "permainan gulungan", "game slot"],
  "sportsbook": ["taruhan olahraga", "judi bola", "betting online"],
  "straight": ["urutan", "rangkaian", "kartu berurutan"],
  "strategi": ["taktik", "rencana permainan", "siasat", "teknik", "cara", "trik"],
  "sukses": ["berhasil", "triumf", "keberhasilan"],
  "taruhan": ["bet", "pasangan", "stake", "pertaruhan"],
  "taruhan online": ["judi online", "betting daring", "e-gambling"],
  "terbaik": ["unggul", "superior", "nomor satu", "paling baik"],
  "terpercaya": ["andal", "dapat diandalkan", "terjamin", "kredibel"],
  "tips": ["saran", "petunjuk", "kiat"],
  "tujuan": ["sasaran", "target", "maksud"],
  "uang": ["dana", "modal", "keuangan", "fulus", "duit"],
  "ulasan": ["tinjauan", "review", "komentar"],
  "undian": ["drawing", "pengundian", "lotere"],
  "verifikasi": ["pengecekan", "validasi", "konfirmasi"],
  "wild card": ["kartu liar", "joker", "kartu bebas"]
}